Isolate,Scheme,SequenceType,Allele,Allele,Allele,Allele,Allele,Allele,Allele,Quality
Reference,senterica,909,aroC(81),dnaN(283),hemD(101),hisD(12),purE(124),sucA(130),thrA(17),&#10004;
CFSAN000952,senterica,909,aroC(81),dnaN(283),hemD(101),hisD(12),purE(124),sucA(130),thrA(17),&#10004;
CFSAN000211,senterica,909,aroC(81),dnaN(283),hemD(101),hisD(12),purE(124),sucA(130),thrA(17),&#10004;
CFSAN000968,senterica,909,aroC(81),dnaN(283),hemD(101),hisD(12),purE(124),sucA(130),thrA(17),&#10004;
CFSAN001112,senterica,909,aroC(81),dnaN(283),hemD(101),hisD(12),purE(124),sucA(130),thrA(17),&#10004;
CFSAN000752,senterica,909,aroC(81),dnaN(283),hemD(101),hisD(12),purE(124),sucA(130),thrA(17),&#10004;
CFSAN000963,senterica,909,aroC(81),dnaN(283),hemD(101),hisD(12),purE(124),sucA(130),thrA(17),&#10004;
CFSAN001115,senterica,909,aroC(81),dnaN(283),hemD(101),hisD(12),purE(124),sucA(130),thrA(17),&#10004;
CFSAN000954,senterica,909,aroC(81),dnaN(283),hemD(101),hisD(12),purE(124),sucA(130),thrA(17),&#10004;
CFSAN000970,senterica,909,aroC(81),dnaN(283),hemD(101),hisD(12),purE(124),sucA(130),thrA(17),&#10004;
CFSAN000961,senterica,909,aroC(81),dnaN(283),hemD(101),hisD(12),purE(124),sucA(130),thrA(17),&#10004;
CFSAN000669,senterica,909,aroC(81),dnaN(283),hemD(101),hisD(12),purE(124),sucA(130),thrA(17),&#10004;
CFSAN000960,senterica,909,aroC(81),dnaN(283),hemD(101),hisD(12),purE(124),sucA(130),thrA(17),&#10004;
CFSAN001140,senterica,909,aroC(81),dnaN(283),hemD(101),hisD(12),purE(124),sucA(130),thrA(17),&#10004;
CFSAN000661,senterica,909,aroC(81),dnaN(283),hemD(101),hisD(12),purE(124),sucA(130),thrA(17),&#10004;
CFSAN000189,senterica,909,aroC(81),dnaN(283),hemD(101),hisD(12),purE(124),sucA(130),thrA(17),&#10004;
CFSAN000212,senterica,909,aroC(81),dnaN(283),hemD(101),hisD(12),purE(124),sucA(130),thrA(17),&#10004;
CFSAN000951,senterica,909,aroC(81),dnaN(283),hemD(101),hisD(12),purE(124),sucA(130),thrA(17),&#10004;
CFSAN000191,senterica,909,aroC(81),dnaN(283),hemD(101),hisD(12),purE(124),sucA(130),thrA(17),&#10004;
CFSAN001118,senterica,909,aroC(81),dnaN(283),hemD(101),hisD(12),purE(124),sucA(130),thrA(17),&#10004;
CFSAN000700,senterica,909,aroC(81),dnaN(283),hemD(101),hisD(12),purE(124),sucA(130),thrA(17),&#10004;
CFSAN000753,senterica,909,aroC(81),dnaN(283),hemD(101),hisD(12),purE(124),sucA(130),thrA(17),&#10004;
CFSAN000958,senterica,909,aroC(81),dnaN(283),hemD(101),hisD(12),purE(124),sucA(130),thrA(17),&#10004;
CFSAN000228,senterica,909,aroC(81),dnaN(283),hemD(101),hisD(12),purE(124),sucA(130),thrA(17),&#10004;
